Date,Day,Rooms,OOO,StayOver,Arrivals,DueOut,Available,Group Block,Group Picked Up,TransNGTD,TransGTD,Occupied,OccPercent,RoomRev,RevPAR,ADR,Ppl
1/1/21,Fri,100,0,99,84,77,1, , , , ,99,99.00%,"9,080.47",90.80,91.72,146 / 32
1/2/21,Sat,100,1,94,49,54,5, , , , ,94,94.95%,"8,485.67",85.71,90.27,133 / 13
1/3/21,Sun,100,0,51,35,78,49, , , , ,51,51.00%,"3,812.29",38.12,74.75,66 / 0
1/4/21,Mon,100,0,54,26,23,46, , , , ,54,54.00%,"4,101.90",41.02,75.96,68 / 0
1/5/21,Tue,100,0,60,25,19,40, , , , ,60,61.00%,"4,430.32",44.30,72.63,76 / 0
1/6/21,Wed,100,2,60,29,29,38, , , , ,60,61.22%,"4,450.89",45.42,74.18,72 / 1
1/7/21,Thu,100,2,69,41,32,29, , , , ,69,70.41%,"5,171.48",52.77,74.95,91 / 0
1/8/21,Fri,100,0,87,67,49,13, , , , ,87,87.00%,"7,444.82",74.45,85.57,124 / 5
1/9/21,Sat,100,0,100,72,59,0, , , , ,100,101.00%,"9,305.15",93.05,92.13,144 / 14
1/10/21,Sun,100,0,62,46,84,38, , , , ,62,62.00%,"4,669.12",46.69,75.31,75 / 2
1/11/21,Mon,100,0,59,29,32,41, , , , ,59,59.00%,"4,420.37",44.20,74.92,72 / 1
1/12/21,Tue,100,16,56,25,28,28, , , , ,56,66.67%,"4,088.50",48.67,73.01,66 / 1
1/13/21,Wed,100,1,66,38,28,33, , , , ,66,66.67%,"4,886.69",49.36,74.04,75 / 0
1/14/21,Thu,100,0,100,69,35,0, , , , ,100,100.00%,"8,544.60",85.45,85.45,111 / 0
1/15/21,Fri,100,1,83,59,76,16, , , , ,83,83.84%,"8,086.71",81.68,97.43,105 / 3
1/16/21,Sat,100,0,100,72,55,0, , , , ,100,101.00%,"10,720.13",107.20,106.14,135 / 15
1/17/21,Sun,100,0,88,41,53,12, , , , ,88,88.00%,"7,597.20",75.97,86.33,118 / 7
1/18/21,Mon,100,3,68,40,60,29, , , , ,68,71.13%,"5,043.01",51.99,73.09,87 / 1
1/19/21,Tue,100,3,62,26,32,35, , , , ,62,63.92%,"4,398.14",45.34,70.94,77 / 2
1/20/21,Wed,100,2,62,29,29,36, , , , ,62,63.27%,"4,715.43",48.12,76.06,73 / 3
1/21/21,Thu,100,1,63,32,31,36, , , , ,63,63.64%,"4,592.46",46.39,72.90,83 / 1
1/22/21,Fri,100,1,73,62,52,26, , , , ,73,73.74%,"6,140.34",62.02,84.11,105 / 0
1/23/21,Sat,100,0,100,84,57,0, , , , ,100,101.00%,"10,120.86",101.21,100.21,154 / 0
1/24/21,Sun,100,3,64,40,76,33, , , , ,64,65.98%,"4,841.35",49.91,75.65,83 / 0
1/25/21,Mon,100,3,57,29,36,40, , , , ,57,58.76%,"4,060.67",41.86,71.24,70 / 0
1/26/21,Tue,100,3,72,38,23,25, , , , ,72,74.23%,"5,386.93",55.54,74.82,85 / 0
1/27/21,Wed,100,3,80,49,41,17, , , , ,80,83.51%,"5,806.51",59.86,71.69,102 / 6
1/28/21,Thu,100,4,79,52,53,17, , , , ,79,82.29%,"5,751.10",59.91,72.80,106 / 4
1/29/21,Fri,100,1,98,90,71,1, , , , ,98,98.99%,"10,437.85",105.43,106.51,146 / 24
1/30/21,Sat,100,1,99,77,76,0, , , , ,99,100.00%,"9,803.48",99.03,99.03,122 / 6
1/31/21,Sun,100,2,72,46,73,26, , , , ,72,73.47%,"5,291.16",53.99,73.49,92 / 6
2/1/21,Mon,100,10,60,33,45,30, , , , ,60,66.67%,"4,139.68",46.00,68.99,70 / 0
2/2/21,Tue,100,12,60,31,31,28, , , , ,60,68.18%,"4,018.74",45.67,66.98,71 / 0
2/3/21,Wed,100,9,91,62,31,0, , , , ,91,101.10%,"7,805.51",85.77,84.84,118 / 12
2/4/21,Thu,100,8,90,63,64,2, , , , ,90,97.83%,"8,291.57",90.13,92.13,126 / 2
2/5/21,Fri,100,5,92,69,67,3, , , , ,92,96.84%,"9,798.10",103.14,106.50,134 / 1
2/6/21,Sat,100,3,97,63,58,0, , , , ,97,101.03%,"10,124.10",104.37,103.31,132 / 0
2/7/21,Sun,100,7,60,47,84,33, , , , ,60,64.52%,"4,344.17",46.71,72.40,73 / 0
2/8/21,Mon,100,11,63,36,33,26, , , , ,63,70.79%,"4,233.61",47.57,67.20,76 / 3
2/9/21,Tue,100,5,61,25,27,34, , , , ,61,64.21%,"4,319.45",45.47,70.81,70 / 2
2/10/21,Wed,100,2,64,31,28,34, , , , ,64,65.31%,"4,493.59",45.85,70.21,81 / 2
2/11/21,Thu,100,1,98,70,36,1, , , , ,98,98.99%,"8,849.39",89.39,90.30,108 / 3
2/12/21,Fri,100,2,95,59,62,3, , , , ,95,97.96%,"10,023.81",102.28,104.41,125 / 5
2/13/21,Sat,100,0,100,89,84,0, , , , ,100,100.00%,"10,782.95",107.83,107.83,146 / 13
2/14/21,Sun,100,0,97,66,69,3, , , , ,97,97.00%,"9,842.66",98.43,101.47,138 / 12
2/15/21,Mon,100,0,93,87,91,7, , , , ,93,108.00%,"7,528.25",75.28,69.71,125 / 2
2/16/21,Tue,100,1,95,49,47,4, , , , ,95,95.96%,"6,218.63",62.81,65.46,119 / 4
2/17/21,Wed,100,1,84,38,49,15, , , , ,84,84.85%,"5,979.35",60.40,71.18,100 / 4
2/18/21,Thu,100,0,86,40,38,14, , , , ,86,86.00%,"6,738.29",67.38,78.35,104 / 0
2/19/21,Fri,100,0,99,70,57,1, , , , ,99,99.00%,"10,260.29",102.60,103.64,151 / 7
2/20/21,Sat,100,0,100,32,31,0, , , , ,100,100.00%,"10,477.41",104.77,104.77,145 / 3
2/21/21,Sun,100,0,100,67,67,0, , , , ,100,100.00%,"10,585.93",105.86,105.86,129 / 0
2/22/21,Mon,100,0,100,26,26,0, , , , ,100,100.00%,"9,907.65",99.08,99.08,119 / 0
2/23/21,Tue,100,0,99,65,66,1, , , , ,99,99.00%,"8,431.34",84.31,85.17,107 / 0
2/24/21,Wed,100,1,72,25,52,27, , , , ,72,72.73%,"5,428.17",54.83,75.39,86 / 0
2/25/21,Thu,100,0,99,62,35,1, , , , ,99,100.00%,"8,412.94",84.13,84.13,119 / 0
2/26/21,Fri,100,1,83,72,88,16, , , , ,83,84.85%,"7,479.54",75.55,89.04,105 / 2
2/27/21,Sat,100,0,100,60,43,0, , , , ,100,100.00%,"10,359.98",103.60,103.60,108 / 0
2/28/21,Sun,100,0,88,27,39,12, , , , ,88,88.00%,"8,619.81",86.20,97.95,96 / 4
3/1/21,Mon,100,1,99,75,64,0, , , , ,99,100.00%,"9,122.10",92.14,92.14,122 / 5
3/2/21,Tue,100,0,89,57,67,11, , , , ,89,89.00%,"6,663.44",66.63,74.87,123 / 9
3/3/21,Wed,100,0,100,68,57,0, , , , ,100,100.00%,"8,732.44",87.32,87.32,118 / 4
3/4/21,Thu,100,0,96,68,72,4, , , , ,96,96.00%,"7,806.39",78.06,81.32,132 / 13
3/5/21,Fri,100,0,100,77,73,0, , , , ,100,101.00%,"9,000.22",90.00,89.11,155 / 13
3/6/21,Sat,100,0,100,59,59,0, , , , ,100,100.00%,"8,419.58",84.20,84.20,150 / 1
3/7/21,Sun,100,2,79,58,79,19, , , , ,79,80.61%,"5,511.22",56.24,69.76,108 / 3
3/8/21,Mon,100,1,84,50,45,15, , , , ,84,84.85%,"5,937.59",59.98,70.69,107 / 10
3/9/21,Tue,100,0,88,41,37,12, , , , ,88,88.00%,"6,285.89",62.86,71.43,108 / 10
3/10/21,Wed,100,1,81,34,41,18, , , , ,81,81.82%,"6,055.32",61.16,74.76,98 / 0
3/11/21,Thu,100,0,86,43,38,14, , , , ,86,86.00%,"6,551.12",65.51,76.18,103 / 2
3/12/21,Fri,100,0,100,78,64,0, , , , ,100,101.00%,"9,672.04",96.72,95.76,132 / 4
3/13/21,Sat,100,0,100,53,53,0, , , , ,100,100.00%,"9,649.24",96.49,96.49,120 / 1
3/14/21,Sun,100,1,92,60,68,7, , , , ,92,92.93%,"7,147.49",72.20,77.69,107 / 3
3/15/21,Mon,100,0,92,45,45,8, , , , ,92,92.00%,"6,662.86",66.63,72.42,108 / 0
3/16/21,Tue,100,0,92,31,31,8, , , , ,92,92.00%,"7,234.62",72.35,78.64,111 / 2
3/17/21,Wed,100,0,100,45,37,0, , , , ,100,100.00%,"8,102.14",81.02,81.02,113 / 0
3/18/21,Thu,100,0,97,41,44,3, , , , ,97,97.00%,"7,934.13",79.34,81.80,122 / 0
3/19/21,Fri,100,0,100,64,61,0, , , , ,100,100.00%,"9,658.18",96.58,96.58,134 / 3
3/20/21,Sat,100,0,99,51,52,1, , , , ,99,99.00%,"10,275.50",102.76,103.79,143 / 16
3/21/21,Sun,100,1,93,71,77,6, , , , ,93,94.95%,"7,003.90",70.75,74.51,120 / 3
3/22/21,Mon,100,2,83,46,56,15, , , , ,83,84.69%,"6,128.13",62.53,73.83,95 / 1
3/23/21,Tue,100,4,91,47,39,5, , , , ,91,94.79%,"6,846.53",71.32,75.24,110 / 10
3/24/21,Wed,100,1,92,45,44,7, , , , ,92,92.93%,"6,936.07",70.06,75.39,111 / 8
3/25/21,Thu,100,0,100,64,56,0, , , , ,100,100.00%,"8,334.37",83.34,83.34,108 / 1
3/26/21,Fri,100,0,99,58,59,1, , , , ,99,99.00%,"9,530.75",95.31,96.27,133 / 11
3/27/21,Sat,100,0,100,54,53,0, , , , ,100,100.00%,"9,868.67",98.69,98.69,131 / 5
3/28/21,Sun,100,0,95,72,77,5, , , , ,95,95.00%,"7,307.64",73.08,76.92,120 / 2
3/29/21,Mon,100,0,96,55,54,4, , , , ,96,96.00%,"7,070.81",70.71,73.65,115 / 3
3/30/21,Tue,100,2,98,38,36,0, , , , ,98,100.00%,"7,417.26",75.69,75.69,124 / 2
3/31/21,Wed,100,0,99,46,45,1, , , , ,99,99.00%,"7,841.99",78.42,79.21,126 / 2
4/1/21,Thu,100,1,99,48,48,0, , , , ,99,100.00%,"8,016.98",80.98,80.98,135 / 2
4/2/21,Fri,100,0,99,69,69,1, , , , ,99,99.00%,"9,923.56",99.24,100.24,133 / 4
4/3/21,Sat,100,0,99,45,45,1, , , , ,99,99.00%,"9,921.71",99.22,100.22,125 / 4
4/4/21,Sun,100,1,73,49,75,26, , , , ,73,73.74%,"5,799.47",58.58,79.44,96 / 7
4/5/21,Mon,100,6,86,51,38,8, , , , ,86,93.62%,"5,935.30",63.14,67.45,114 / 0
4/6/21,Tue,100,12,88,27,25,0, , , , ,88,100.00%,"6,722.96",76.40,76.40,109 / 0
4/7/21,Wed,100,14,86,30,32,0, , , , ,86,100.00%,"6,956.39",80.89,80.89,110 / 1
4/8/21,Thu,100,15,85,38,39,0, , , , ,85,100.00%,"6,928.26",81.51,81.51,108 / 5
4/9/21,Fri,100,1,99,74,60,0, , , , ,99,101.01%,"11,146.10",112.59,111.46,147 / 16
4/10/21,Sat,100,1,99,30,30,0, , , , ,99,100.00%,"10,826.23",109.36,109.36,150 / 26
4/11/21,Sun,100,14,51,35,83,35, , , , ,51,59.30%,"3,928.70",45.68,77.03,63 / 4
4/12/21,Mon,100,19,64,40,27,17, , , , ,64,79.01%,"5,114.65",63.14,79.92,76 / 3
4/13/21,Tue,100,17,82,44,26,1, , , , ,82,98.80%,"6,295.91",75.85,76.78,103 / 6
4/14/21,Wed,100,3,83,40,39,14, , , , ,83,85.57%,"6,353.90",65.50,76.55,110 / 2
4/15/21,Thu,100,0,100,66,49,0, , , , ,100,100.00%,"8,208.51",82.09,82.09,125 / 6
4/16/21,Fri,100,0,100,61,61,0, , , , ,100,101.00%,"12,389.96",123.90,122.67,139 / 8
4/17/21,Sat,100,0,100,44,44,0, , , , ,100,100.00%,"11,958.59",119.59,119.59,136 / 4
4/18/21,Sun,100,0,80,62,82,20, , , , ,80,80.00%,"6,014.12",60.14,75.18,102 / 4
4/19/21,Mon,100,1,96,58,42,3, , , , ,96,96.97%,"7,372.59",74.47,76.80,111 / 4
4/20/21,Tue,100,0,98,48,46,2, , , , ,98,98.00%,"7,620.00",76.20,77.76,114 / 2
4/21/21,Wed,100,0,93,45,50,7, , , , ,93,93.00%,"7,060.60",70.61,75.92,110 / 2
4/22/21,Thu,100,0,100,59,52,0, , , , ,100,100.00%,"7,969.24",79.69,79.69,131 / 6
4/23/21,Fri,100,0,97,75,78,3, , , , ,97,97.00%,"11,872.27",118.72,122.39,127 / 6
4/24/21,Sat,100,1,99,41,39,0, , , , ,99,100.00%,"11,903.44",120.24,120.24,120 / 8
4/25/21,Sun,100,0,90,52,61,10, , , , ,90,90.00%,"7,728.44",77.28,85.87,117 / 7
4/26/21,Mon,100,0,77,54,67,23, , , , ,77,77.00%,"4,987.02",49.87,64.77,98 / 6
4/27/21,Tue,100,1,92,62,47,7, , , , ,92,92.93%,"7,058.74",71.30,76.73,115 / 3
4/28/21,Wed,100,1,93,57,56,6, , , , ,93,93.94%,"7,070.22",71.42,76.02,120 / 8
4/29/21,Thu,100,0,96,59,56,4, , , , ,96,96.00%,"7,675.24",76.75,79.95,126 / 2
4/30/21,Fri,100,0,100,85,81,0, , , , ,100,101.00%,"10,960.82",109.61,108.52,158 / 16
5/1/21,Sat,100,0,100,58,58,0, , , , ,100,100.00%,"10,727.05",107.27,107.27,152 / 6
5/2/21,Sun,100,0,84,67,83,16, , , , ,84,84.00%,"6,383.34",63.83,75.99,119 / 2
5/3/21,Mon,100,0,83,45,46,17, , , , ,83,83.00%,"6,385.31",63.85,76.93,107 / 1
5/4/21,Tue,100,0,95,52,40,5, , , , ,95,95.00%,"7,136.89",71.37,75.13,116 / 1
5/5/21,Wed,100,0,100,62,57,0, , , , ,100,100.00%,"8,874.89",88.75,88.75,115 / 1
5/6/21,Thu,100,0,100,29,29,0, , , , ,100,100.00%,"9,017.24",90.17,90.17,116 / 4
5/7/21,Fri,100,0,100,82,82,0, , , , ,100,100.00%,"10,330.01",103.30,103.30,150 / 9
5/8/21,Sat,100,1,99,47,48,0, , , , ,99,100.00%,"10,458.09",105.64,105.64,157 / 12
5/9/21,Sun,100,2,81,56,74,17, , , , ,81,82.65%,"5,914.83",60.36,73.02,108 / 6
5/10/21,Mon,100,0,95,63,49,5, , , , ,95,95.00%,"7,250.75",72.51,76.32,120 / 4
5/11/21,Tue,100,0,93,52,54,7, , , , ,93,93.00%,"7,000.96",70.01,75.28,109 / 1
5/12/21,Wed,100,0,99,63,57,1, , , , ,99,99.00%,"9,131.59",91.32,92.24,129 / 13
5/13/21,Thu,100,0,99,24,24,1, , , , ,99,99.00%,"9,346.07",93.46,94.40,133 / 14
5/14/21,Fri,100,0,100,26,25,0, , , , ,100,100.00%,"11,473.30",114.73,114.73,148 / 22
5/15/21,Sat,100,0,100,15,15,0, , , , ,100,100.00%,"11,517.98",115.18,115.18,147 / 22
5/16/21,Sun,100,1,85,59,74,14, , , , ,85,85.86%,"6,554.02",66.20,77.11,103 / 2
5/17/21,Mon,100,2,89,47,43,9, , , , ,89,90.82%,"6,960.90",71.03,78.21,108 / 3
5/18/21,Tue,100,0,100,44,33,0, , , , ,100,100.00%,"7,774.08",77.74,77.74,114 / 5
5/19/21,Wed,100,2,90,41,51,8, , , , ,90,91.84%,"6,477.69",66.10,71.97,103 / 6
5/20/21,Thu,100,0,97,52,45,3, , , , ,97,97.00%,"8,031.94",80.32,82.80,117 / 3
5/21/21,Fri,100,0,100,74,71,0, , , , ,100,100.00%,"10,511.68",105.12,105.12,136 / 2
5/22/21,Sat,100,0,100,24,24,0, , , , ,100,100.00%,"10,917.48",109.17,109.17,132 / 7
5/23/21,Sun,100,0,85,71,86,15, , , , ,85,85.00%,"6,553.45",65.53,77.10,106 / 4
5/24/21,Mon,100,0,92,54,47,8, , , , ,92,92.00%,"7,153.95",71.54,77.76,109 / 14
5/25/21,Tue,100,0,100,58,50,0, , , , ,100,101.00%,"8,185.64",81.86,81.05,129 / 4
5/26/21,Wed,100,1,97,56,59,2, , , , ,97,97.98%,"7,720.21",77.98,79.59,125 / 6
5/27/21,Thu,100,1,98,53,52,1, , , , ,98,98.99%,"8,025.18",81.06,81.89,124 / 6
5/28/21,Fri,100,1,99,72,71,0, , , , ,99,100.00%,"10,181.78",102.85,102.85,145 / 9
5/29/21,Sat,100,0,100,53,52,0, , , , ,100,100.00%,"11,183.28",111.83,111.83,148 / 12
5/30/21,Sun,100,0,82,38,56,18, , , , ,82,82.00%,"6,798.97",67.99,82.91,121 / 3
5/31/21,Mon,100,1,83,61,60,16, , , , ,83,83.84%,"6,107.29",61.69,73.58,110 / 9
6/1/21,Tue,100,1,98,57,42,1, , , , ,98,98.99%,"7,895.02",79.75,80.56,116 / 8
6/2/21,Wed,100,0,96,44,46,4, , , , ,96,96.00%,"7,563.08",75.63,78.78,120 / 0
6/3/21,Thu,100,0,99,57,54,1, , , , ,99,99.00%,"8,078.02",80.78,81.60,119 / 2
6/4/21,Fri,100,0,100,69,68,0, , , , ,100,100.00%,"10,822.17",108.22,108.22,138 / 21
6/5/21,Sat,100,0,100,47,47,0, , , , ,100,100.00%,"11,099.60",111.00,111.00,139 / 19
6/6/21,Sun,100,0,96,73,77,4, , , , ,96,96.00%,"7,804.55",78.05,81.30,113 / 1
6/7/21,Mon,100,0,99,53,50,1, , , , ,99,99.00%,"7,634.21",76.34,77.11,109 / 1
6/8/21,Tue,100,2,98,39,40,0, , , , ,98,100.00%,"7,594.57",77.50,77.50,120 / 2
6/9/21,Wed,100,4,95,38,41,1, , , , ,95,98.96%,"7,426.78",77.36,78.18,114 / 2
6/10/21,Thu,100,1,99,55,51,0, , , , ,99,100.00%,"8,623.29",87.10,87.10,133 / 4
6/11/21,Fri,100,0,100,70,69,0, , , , ,100,100.00%,"11,154.32",111.54,111.54,148 / 20
6/12/21,Sat,100,1,99,63,64,0, , , , ,99,100.00%,"11,433.64",115.49,115.49,133 / 7
6/13/21,Sun,100,1,92,68,75,7, , , , ,92,92.93%,"7,448.90",75.24,80.97,115 / 3
6/14/21,Mon,100,1,97,64,59,2, , , , ,97,97.98%,"8,159.59",82.42,84.12,123 / 4
6/15/21,Tue,100,0,100,55,52,0, , , , ,100,100.00%,"8,377.99",83.78,83.78,126 / 1
6/16/21,Wed,100,0,99,48,49,1, , , , ,99,99.00%,"8,061.19",80.61,81.43,130 / 2
6/17/21,Thu,100,1,99,56,56,0, , , , ,99,100.00%,"8,822.39",89.12,89.12,134 / 5
6/18/21,Fri,100,1,94,72,77,5, , , , ,94,94.95%,"11,284.68",113.99,120.05,136 / 17
6/19/21,Sat,100,0,100,56,50,0, , , , ,100,100.00%,"11,466.61",114.67,114.67,140 / 9
6/20/21,Sun,100,2,83,67,84,15, , , , ,83,84.69%,"6,850.56",69.90,82.54,105 / 4
6/21/21,Mon,100,1,95,56,44,4, , , , ,95,95.96%,"7,545.80",76.22,79.43,118 / 3
6/22/21,Tue,100,1,99,46,42,0, , , , ,99,100.00%,"8,155.43",82.38,82.38,118 / 5
6/23/21,Wed,100,0,96,48,51,4, , , , ,96,97.00%,"7,971.43",79.71,82.18,124 / 2
6/24/21,Thu,100,0,99,60,57,1, , , , ,99,99.00%,"8,874.02",88.74,89.64,135 / 9
6/25/21,Fri,100,0,100,66,65,0, , , , ,100,102.00%,"11,363.84",113.64,111.41,154 / 30
6/26/21,Sat,100,0,100,50,50,0, , , , ,100,100.00%,"11,439.19",114.39,114.39,149 / 20
6/27/21,Sun,100,0,87,60,73,13, , , , ,87,87.00%,"6,696.35",66.96,76.97,111 / 4
6/28/21,Mon,100,0,96,57,48,4, , , , ,96,96.00%,"7,414.38",74.14,77.23,117 / 4
6/29/21,Tue,100,0,100,47,43,0, , , , ,100,100.00%,"8,429.25",84.29,84.29,131 / 2
6/30/21,Wed,100,0,95,45,50,5, , , , ,95,95.00%,"7,693.35",76.93,80.98,135 / 11
7/1/21,Thu,100,0,94,50,51,6, , , , ,94,94.00%,"8,291.59",82.92,88.21,128 / 12
7/2/21,Fri,100,0,100,65,59,0, , , , ,100,100.00%,"11,825.18",118.25,118.25,152 / 11
7/3/21,Sat,100,0,100,41,41,0, , , , ,100,100.00%,"11,687.93",116.88,116.88,141 / 4
7/4/21,Sun,100,3,91,55,64,6, , , , ,91,93.81%,"8,129.64",83.81,89.34,127 / 4
7/5/21,Mon,100,2,79,59,71,19, , , , ,79,80.61%,"6,875.63",70.16,87.03,107 / 8
7/6/21,Tue,100,0,84,51,46,16, , , , ,84,84.00%,"7,136.52",71.37,84.96,106 / 6
7/7/21,Wed,100,0,100,64,48,0, , , , ,100,100.00%,"9,229.23",92.29,92.29,113 / 4
7/8/21,Thu,100,0,99,38,39,1, , , , ,99,100.00%,"9,015.77",90.16,90.16,116 / 7
7/9/21,Fri,100,0,100,48,47,0, , , , ,100,100.00%,"11,486.87",114.87,114.87,126 / 13
7/10/21,Sat,100,0,100,32,32,0, , , , ,100,100.00%,"11,726.23",117.26,117.26,128 / 5
7/11/21,Sun,100,0,89,61,72,11, , , , ,89,89.00%,"6,800.75",68.01,76.41,119 / 12
7/12/21,Mon,100,0,100,38,27,0, , , , ,100,100.00%,"7,870.22",78.70,78.70,131 / 16
7/13/21,Tue,100,0,98,26,28,2, , , , ,98,98.00%,"7,504.52",75.05,76.58,119 / 12
7/14/21,Wed,100,0,99,37,36,1, , , , ,99,99.00%,"7,755.61",77.56,78.34,119 / 8
7/15/21,Thu,100,0,100,44,43,0, , , , ,100,101.00%,"8,024.74",80.25,79.45,129 / 2
7/16/21,Fri,100,0,100,77,77,0, , , , ,100,100.00%,"11,356.35",113.56,113.56,147 / 22
7/17/21,Sat,100,0,100,54,54,0, , , , ,100,100.00%,"11,180.89",111.81,111.81,154 / 11
7/18/21,Sun,100,0,88,65,77,12, , , , ,88,88.00%,"7,202.04",72.02,81.84,116 / 7
7/19/21,Mon,100,0,100,48,36,0, , , , ,100,101.00%,"8,255.80",82.56,81.74,123 / 1
7/20/21,Tue,100,0,97,35,38,3, , , , ,97,97.00%,"8,144.41",81.44,83.96,120 / 6
7/21/21,Wed,100,0,100,29,26,0, , , , ,100,100.00%,"8,206.40",82.06,82.06,123 / 7
7/22/21,Thu,100,0,100,37,37,0, , , , ,100,100.00%,"8,327.96",83.28,83.28,126 / 5
7/23/21,Fri,100,0,100,81,81,0, , , , ,100,100.00%,"11,859.25",118.59,118.59,161 / 15
7/24/21,Sat,100,0,100,52,52,0, , , , ,100,100.00%,"11,559.73",115.60,115.60,153 / 7
7/25/21,Sun,100,1,92,71,79,7, , , , ,92,92.93%,"7,623.82",77.01,82.87,130 / 10
7/26/21,Mon,100,0,100,60,52,0, , , , ,100,100.00%,"8,393.49",83.93,83.93,126 / 3
7/27/21,Tue,100,0,99,48,49,1, , , , ,99,99.00%,"8,251.49",82.51,83.35,130 / 5
7/28/21,Wed,100,0,100,52,51,0, , , , ,100,100.00%,"8,506.81",85.07,85.07,133 / 6
7/29/21,Thu,100,0,100,50,50,0, , , , ,100,100.00%,"8,752.79",87.53,87.53,136 / 12
7/30/21,Fri,100,0,100,62,62,0, , , , ,100,100.00%,"11,416.26",114.16,114.16,140 / 28
7/31/21,Sat,100,0,100,64,64,0, , , , ,100,100.00%,"10,560.94",105.61,105.61,141 / 10
8/1/21,Sun,100,0,95,70,75,5, , , , ,95,95.00%,"7,764.67",77.65,81.73,131 / 1
8/2/21,Mon,100,0,79,47,63,21, , , , ,79,79.00%,"6,331.27",63.31,80.14,96 / 4
8/3/21,Tue,100,0,95,79,63,5, , , , ,95,108.00%,"9,697.18",96.97,89.79,122 / 0
8/4/21,Wed,100,1,95,62,62,4, , , , ,95,95.96%,"7,212.53",72.85,75.92,126 / 2
8/5/21,Thu,100,0,98,65,62,2, , , , ,98,98.00%,"7,771.90",77.72,79.31,133 / 7
8/6/21,Fri,100,0,100,73,71,0, , , , ,100,100.00%,"10,896.53",108.97,108.97,154 / 9
8/7/21,Sat,100,0,100,62,62,0, , , , ,100,100.00%,"10,753.21",107.53,107.53,154 / 6
8/8/21,Sun,100,0,87,60,73,13, , , , ,87,87.00%,"6,933.84",69.34,79.70,109 / 2
8/9/21,Mon,100,1,96,56,47,3, , , , ,96,96.97%,"7,736.73",78.15,80.59,120 / 0
8/10/21,Tue,100,0,99,45,42,1, , , , ,99,99.00%,"7,714.80",77.15,77.93,123 / 1
8/11/21,Wed,100,0,98,47,48,2, , , , ,98,98.00%,"7,681.80",76.82,78.39,121 / 3
8/12/21,Thu,100,0,100,41,39,0, , , , ,100,100.00%,"8,629.60",86.30,86.30,130 / 5
8/13/21,Fri,100,1,98,67,69,1, , , , ,98,98.99%,"9,584.73",96.82,97.80,133 / 3
8/14/21,Sat,100,0,98,57,57,2, , , , ,98,98.00%,"10,938.34",109.38,111.62,125 / 7
8/15/21,Sun,100,0,84,61,75,16, , , , ,84,84.00%,"6,452.93",64.53,76.82,107 / 3
8/16/21,Mon,100,0,100,55,39,0, , , , ,100,100.00%,"7,917.81",79.18,79.18,136 / 6
8/17/21,Tue,100,0,99,47,48,1, , , , ,99,99.00%,"8,043.69",80.44,81.25,128 / 6
8/18/21,Wed,100,1,99,51,51,0, , , , ,99,100.00%,"7,901.79",79.82,79.82,132 / 0
8/19/21,Thu,100,0,99,49,49,1, , , , ,99,100.00%,"8,021.54",80.22,80.22,130 / 4
8/20/21,Fri,100,0,100,73,72,0, , , , ,100,100.00%,"9,300.92",93.01,93.01,147 / 2
8/21/21,Sat,100,0,100,54,54,0, , , , ,100,100.00%,"10,022.61",100.23,100.23,144 / 5
8/22/21,Sun,100,3,82,55,73,15, , , , ,82,84.54%,"6,671.15",68.77,81.36,111 / 2
8/23/21,Mon,100,1,96,57,43,3, , , , ,96,96.97%,"7,373.60",74.48,76.81,127 / 0
8/24/21,Tue,100,0,99,44,41,1, , , , ,99,99.00%,"7,583.61",75.84,76.60,122 / 1
8/25/21,Wed,100,3,96,37,40,1, , , , ,96,98.97%,"8,020.75",82.69,83.55,117 / 2
8/26/21,Thu,100,0,100,45,41,0, , , , ,100,101.00%,"9,077.82",90.78,89.88,132 / 2
8/27/21,Fri,100,0,100,45,45,0, , , , ,100,100.00%,"10,665.96",106.66,106.66,132 / 0
8/28/21,Sat,100,0,100,19,19,0, , , , ,100,100.00%,"10,854.69",108.55,108.55,132 / 0
8/29/21,Sun,100,0,88,70,82,12, , , , ,88,88.00%,"7,884.24",78.84,89.59,115 / 6
8/30/21,Mon,100,0,99,43,32,1, , , , ,99,99.00%,"8,780.49",87.80,88.69,126 / 6
8/31/21,Tue,100,0,100,42,41,0, , , , ,100,100.00%,"8,247.69",82.48,82.48,128 / 11
9/1/21,Wed,100,0,100,44,44,0, , , , ,100,100.00%,"8,651.95",86.52,86.52,124 / 9
9/2/21,Thu,100,0,100,44,44,0, , , , ,100,100.00%,"8,325.70",83.26,83.26,124 / 2
9/3/21,Fri,100,0,100,60,60,0, , , , ,100,100.00%,"10,352.65",103.53,103.53,130 / 4
9/4/21,Sat,100,0,100,40,40,0, , , , ,100,100.00%,"10,907.44",109.07,109.07,123 / 8
9/5/21,Sun,100,0,94,54,60,6, , , , ,94,94.00%,"8,020.18",80.20,85.32,124 / 7
9/6/21,Mon,100,1,87,51,58,12, , , , ,87,87.88%,"6,764.06",68.32,77.75,113 / 4
9/7/21,Tue,100,0,97,56,46,3, , , , ,97,97.00%,"7,465.81",74.66,76.97,125 / 6
9/8/21,Wed,100,1,98,52,51,1, , , , ,98,98.99%,"8,469.18",85.55,86.42,122 / 2
9/9/21,Thu,100,0,99,43,42,1, , , , ,99,99.00%,"8,731.85",87.32,88.20,123 / 2
9/10/21,Fri,100,0,100,69,68,0, , , , ,100,100.00%,"11,473.28",114.73,114.73,143 / 2
9/11/21,Sat,100,0,100,77,77,0, , , , ,100,100.00%,"10,777.68",107.78,107.78,146 / 4
9/12/21,Sun,100,0,89,67,78,11, , , , ,89,89.00%,"7,542.59",75.43,84.75,109 / 1
9/13/21,Mon,100,1,90,61,60,9, , , , ,90,91.92%,"7,374.69",74.49,81.04,112 / 0
9/14/21,Tue,100,0,99,45,36,1, , , , ,99,99.00%,"8,013.28",80.13,80.94,121 / 6
9/15/21,Wed,100,1,99,40,40,0, , , , ,99,100.00%,"8,108.84",81.91,81.91,117 / 4
9/16/21,Thu,100,0,90,39,48,10, , , , ,90,90.00%,"7,258.62",72.59,80.65,111 / 2
9/17/21,Fri,100,0,100,70,60,0, , , , ,100,100.00%,"10,422.27",104.22,104.22,135 / 9
9/18/21,Sat,100,0,99,47,48,1, , , , ,99,99.00%,"11,149.26",111.49,112.62,143 / 10
9/19/21,Sun,100,2,87,55,67,11, , , , ,87,88.78%,"7,066.25",72.10,81.22,115 / 0
9/20/21,Mon,100,0,97,51,41,3, , , , ,97,97.00%,"7,559.74",75.60,77.94,118 / 2
9/21/21,Tue,100,0,93,37,41,7, , , , ,93,93.00%,"7,728.81",77.29,83.11,109 / 6
9/22/21,Wed,100,0,99,39,33,1, , , , ,99,99.00%,"8,348.52",83.49,84.33,115 / 3
9/23/21,Thu,100,0,100,37,36,0, , , , ,100,100.00%,"8,454.53",84.55,84.55,128 / 2
9/24/21,Fri,100,0,100,61,61,0, , , , ,100,100.00%,"12,041.71",120.42,120.42,139 / 3
9/25/21,Sat,100,0,100,46,46,0, , , , ,100,100.00%,"12,723.73",127.24,127.24,151 / 3
9/26/21,Sun,100,0,94,63,69,6, , , , ,94,94.00%,"7,920.37",79.20,84.26,121 / 0
9/27/21,Mon,100,0,97,54,51,3, , , , ,97,97.00%,"7,589.52",75.90,78.24,116 / 0
9/28/21,Tue,100,0,100,55,52,0, , , , ,100,100.00%,"8,247.81",82.48,82.48,122 / 0
9/29/21,Wed,100,0,91,38,47,9, , , , ,91,91.00%,"7,838.29",78.38,86.14,114 / 2
9/30/21,Thu,100,0,100,46,37,0, , , , ,100,100.00%,"8,959.56",89.60,89.60,126 / 0
10/1/21,Fri,100,0,100,61,61,0, , , , ,100,100.00%,"12,727.29",127.27,127.27,144 / 8
10/2/21,Sat,100,0,100,59,59,0, , , , ,100,100.00%,"12,814.45",128.14,128.14,142 / 11
10/3/21,Sun,100,1,90,66,76,9, , , , ,90,90.91%,"7,444.02",75.19,82.71,117 / 7
10/4/21,Mon,100,0,100,61,51,0, , , , ,100,100.00%,"7,987.93",79.88,79.88,123 / 4
10/5/21,Tue,100,0,90,49,59,10, , , , ,90,90.00%,"6,913.61",69.14,76.82,120 / 3
10/6/21,Wed,100,2,81,40,49,17, , , , ,81,82.65%,"6,604.19",67.39,81.53,103 / 1
10/7/21,Thu,100,1,99,64,46,0, , , , ,99,100.00%,"8,296.56",83.80,83.80,131 / 10
10/8/21,Fri,100,0,100,67,66,0, , , , ,100,100.00%,"12,177.85",121.78,121.78,147 / 14
10/9/21,Sat,100,0,100,61,61,0, , , , ,100,100.00%,"13,189.38",131.89,131.89,142 / 7
10/10/21,Sun,100,0,73,56,83,27, , , , ,73,74.00%,"5,435.06",54.35,73.45,97 / 6
10/11/21,Mon,100,3,84,56,45,13, , , , ,84,88.66%,"6,282.00",64.76,73.05,113 / 1
10/12/21,Tue,100,0,91,50,43,9, , , , ,91,91.00%,"7,069.12",70.69,77.68,114 / 0
10/13/21,Wed,100,0,84,46,53,16, , , , ,84,84.00%,"6,679.40",66.79,79.52,107 / 0
10/14/21,Thu,100,0,99,60,45,1, , , , ,99,99.00%,"8,037.57",80.38,81.19,130 / 13
10/15/21,Fri,100,0,100,73,72,0, , , , ,100,100.00%,"8,902.61",89.03,89.03,150 / 22
10/16/21,Sat,100,0,100,58,58,0, , , , ,100,100.00%,"9,473.62",94.74,94.74,145 / 7
10/17/21,Sun,100,3,70,54,84,27, , , , ,70,72.16%,"5,289.52",54.53,75.56,81 / 1
10/18/21,Mon,100,2,94,62,38,4, , , , ,94,95.92%,"7,137.37",72.83,75.93,111 / 3
10/19/21,Tue,100,2,98,45,41,0, , , , ,98,100.00%,"7,541.89",76.96,76.96,117 / 4
10/20/21,Wed,100,0,100,49,47,0, , , , ,100,100.00%,"7,703.18",77.03,77.03,119 / 2
10/21/21,Thu,100,0,99,50,51,1, , , , ,99,99.00%,"7,760.47",77.60,78.39,123 / 7
10/22/21,Fri,100,0,100,76,75,0, , , , ,100,100.00%,"10,814.03",108.14,108.14,151 / 10
10/23/21,Sat,100,0,100,56,56,0, , , , ,100,100.00%,"11,804.98",118.05,118.05,143 / 13
10/24/21,Sun,100,4,82,62,80,14, , , , ,82,85.42%,"6,336.90",66.01,77.28,97 / 2
10/25/21,Mon,100,0,100,65,47,0, , , , ,100,100.00%,"9,141.13",91.41,91.41,119 / 5
10/26/21,Tue,100,0,100,47,47,0, , , , ,100,100.00%,"10,113.05",101.13,101.13,121 / 6
10/27/21,Wed,100,0,95,40,45,5, , , , ,95,95.00%,"8,506.69",85.07,89.54,113 / 2
10/28/21,Thu,100,0,73,49,71,27, , , , ,73,73.00%,"5,880.68",58.81,80.56,93 / 2
10/29/21,Fri,100,0,100,82,55,0, , , , ,100,100.00%,"14,669.67",146.70,146.70,137 / 4
10/30/21,Sat,100,0,100,46,46,0, , , , ,100,100.00%,"16,512.39",165.12,165.12,135 / 5
10/31/21,Sun,100,1,71,63,92,28, , , , ,71,71.72%,"5,432.44",54.87,76.51,99 / 3
11/1/21,Mon,100,0,84,61,48,16, , , , ,84,84.00%,"6,532.44",65.32,77.77,104 / 0
11/2/21,Tue,100,0,100,54,38,0, , , , ,100,100.00%,"8,091.08",80.91,80.91,121 / 0
11/3/21,Wed,100,0,98,44,46,2, , , , ,98,98.00%,"7,913.81",79.14,80.75,118 / 3
11/4/21,Thu,100,1,91,39,46,8, , , , ,91,91.92%,"7,296.04",73.70,80.18,116 / 3
11/5/21,Fri,100,0,100,83,74,0, , , , ,100,101.00%,"11,984.18",119.84,118.66,160 / 10
11/6/21,Sat,100,0,100,47,47,0, , , , ,100,100.00%,"12,999.32",129.99,129.99,162 / 9
11/7/21,Sun,100,2,53,45,92,45, , , , ,53,54.08%,"4,014.42",40.96,75.74,65 / 0
11/8/21,Mon,100,0,93,78,38,7, , , , ,93,101.00%,"7,390.64",73.91,73.17,115 / 3
11/9/21,Tue,100,0,100,56,49,0, , , , ,100,101.00%,"7,831.23",78.31,77.54,120 / 1
11/10/21,Wed,100,0,100,45,45,0, , , , ,100,100.00%,"7,934.29",79.34,79.34,124 / 0
11/11/21,Thu,100,0,92,45,53,8, , , , ,92,92.00%,"7,225.80",72.26,78.54,112 / 2
11/12/21,Fri,100,0,100,88,80,0, , , , ,100,100.00%,"11,138.83",111.39,111.39,140 / 19
11/13/21,Sat,100,0,100,53,53,0, , , , ,100,100.00%,"11,225.73",112.26,112.26,153 / 15
11/14/21,Sun,100,1,56,33,77,43, , , , ,56,56.57%,"4,218.59",42.61,75.33,74 / 0
11/15/21,Mon,100,1,67,40,29,32, , , , ,67,67.68%,"4,697.54",47.45,70.11,78 / 0
11/16/21,Tue,100,0,88,46,25,12, , , , ,88,88.00%,"6,953.54",69.54,79.02,103 / 4
11/17/21,Wed,100,0,95,47,40,5, , , , ,95,95.00%,"7,686.70",76.87,80.91,117 / 0
11/18/21,Thu,100,0,99,51,47,1, , , , ,99,99.00%,"7,584.01",75.84,76.61,126 / 7
11/19/21,Fri,100,0,99,86,86,1, , , , ,99,99.00%,"11,979.07",119.79,121.00,128 / 2
11/20/21,Sat,100,0,100,50,49,0, , , , ,100,100.00%,"12,048.68",120.49,120.49,126 / 2
11/21/21,Sun,100,2,73,58,85,25, , , , ,73,74.49%,"5,662.48",57.78,77.57,91 / 8
11/22/21,Mon,100,0,77,48,44,23, , , , ,77,77.00%,"5,872.38",58.72,76.26,94 / 4
11/23/21,Tue,100,3,86,44,35,11, , , , ,86,88.66%,"6,681.50",68.88,77.69,102 / 2
11/24/21,Wed,100,3,78,43,51,19, , , , ,78,80.41%,"6,257.57",64.51,80.23,98 / 4
11/25/21,Thu,100,0,89,47,36,11, , , , ,89,89.00%,"7,139.80",71.40,80.22,120 / 6
11/26/21,Fri,100,0,91,57,55,9, , , , ,91,91.00%,"8,441.71",84.42,92.77,135 / 9
11/27/21,Sat,100,0,89,65,67,11, , , , ,89,89.00%,"7,672.05",76.72,86.20,130 / 11
11/28/21,Sun,100,4,70,58,77,26, , , , ,70,72.92%,"4,932.28",51.38,70.46,83 / 1
11/29/21,Mon,100,3,78,53,45,19, , , , ,78,80.41%,"5,853.47",60.35,75.04,94 / 4
11/30/21,Tue,100,3,89,47,36,8, , , , ,89,91.75%,"6,774.41",69.84,76.12,103 / 1
12/1/21,Wed,100,0,99,48,38,1, , , , ,99,100.00%,"7,889.12",78.89,78.89,122 / 1
12/2/21,Thu,100,1,99,65,65,0, , , , ,99,100.00%,"8,730.69",88.19,88.19,122 / 0
12/3/21,Fri,100,0,99,83,83,1, , , , ,99,100.00%,"9,078.88",90.79,90.79,146 / 4
12/4/21,Sat,100,0,100,69,68,0, , , , ,100,100.00%,"11,990.74",119.91,119.91,149 / 21
12/5/21,Sun,100,2,95,64,69,3, , , , ,95,96.94%,"9,435.88",96.28,99.33,123 / 14
12/6/21,Mon,100,0,100,54,49,0, , , , ,100,100.00%,"9,881.75",98.82,98.82,115 / 23
12/7/21,Tue,100,0,88,54,66,12, , , , ,88,88.00%,"6,436.52",64.37,73.14,106 / 2
12/8/21,Wed,100,0,86,46,48,14, , , , ,86,86.00%,"6,420.28",64.20,74.65,103 / 1
12/9/21,Thu,100,1,91,56,51,8, , , , ,91,91.92%,"6,791.77",68.60,74.63,120 / 0
12/10/21,Fri,100,0,97,85,79,3, , , , ,97,97.00%,"9,629.15",96.29,99.27,145 / 12
12/11/21,Sat,100,0,100,78,75,0, , , , ,100,100.00%,"12,357.67",123.58,123.58,147 / 25
12/12/21,Sun,100,0,72,39,67,28, , , , ,72,72.00%,"5,914.93",59.15,82.15,94 / 0
12/13/21,Mon,100,0,88,63,47,12, , , , ,88,88.00%,"6,676.57",66.77,75.87,109 / 0
12/14/21,Tue,100,1,90,52,50,9, , , , ,90,90.91%,"6,930.09",70.00,77.00,112 / 2
12/15/21,Wed,100,0,100,58,48,0, , , , ,100,100.00%,"7,851.79",78.52,78.52,129 / 0
12/16/21,Thu,100,0,89,59,70,11, , , , ,89,89.00%,"6,520.72",65.21,73.27,116 / 2
12/17/21,Fri,100,0,100,89,78,0, , , , ,100,100.00%,"11,194.60",111.95,111.95,127 / 14
12/18/21,Sat,100,1,99,55,56,0, , , , ,99,101.01%,"10,393.19",104.98,103.93,134 / 12
12/19/21,Sun,100,1,70,59,88,29, , , , ,70,70.71%,"4,959.71",50.10,70.85,96 / 0
12/20/21,Mon,100,0,96,79,53,4, , , , ,96,96.00%,"7,288.97",72.89,75.93,122 / 5
12/21/21,Tue,100,0,99,61,58,1, , , , ,99,99.00%,"7,581.31",75.81,76.58,129 / 1
12/22/21,Wed,100,1,86,48,61,13, , , , ,86,86.87%,"6,907.95",69.78,80.33,114 / 7
12/23/21,Thu,100,1,73,56,69,26, , , , ,73,73.74%,"5,604.67",56.61,76.78,109 / 7
12/24/21,Fri,100,1,68,52,57,31, , , , ,68,68.69%,"5,895.51",59.55,86.70,96 / 4
12/25/21,Sat,100,0,95,67,40,5, , , , ,95,95.00%,"8,291.19",82.91,87.28,128 / 11
12/26/21,Sun,100,0,90,73,78,10, , , , ,90,90.00%,"6,680.46",66.80,74.23,131 / 7
12/27/21,Mon,100,0,99,86,77,1, , , , ,99,99.00%,"8,476.95",84.77,85.63,149 / 11
12/28/21,Tue,100,0,87,61,73,13, , , , ,87,87.00%,"6,693.56",66.94,76.94,130 / 4
12/29/21,Wed,100,1,90,67,64,9, , , , ,90,91.92%,"7,161.14",72.33,78.69,132 / 4
12/30/21,Thu,100,0,90,70,70,10, , , , ,90,90.00%,"8,095.95",80.96,89.96,139 / 17
12/31/21,Fri,100,0,81,64,73,19, , , , ,81,81.00%,"8,552.23",85.52,105.58,108 / 2
1/1/22,Sat,100,0,79,61,63,21, , , , ,79,81.00%,"7,498.66",74.99,92.58,111 / 2
1/2/22,Sun,100,1,88,71,62,11, , , , ,88,88.89%,"7,016.01",70.87,79.73,109 / 3
1/3/22,Mon,100,0,93,51,46,7, , , , ,93,93.00%,"6,843.91",68.44,73.59,117 / 6
1/4/22,Tue,100,1,91,38,40,8, , , , ,91,91.92%,"6,877.81",69.47,75.58,107 / 6
1/5/22,Wed,100,1,82,31,40,17, , , , ,82,82.83%,"6,041.21",61.02,73.67,96 / 2
1/6/22,Thu,100,3,84,38,36,13, , , , ,84,86.60%,"6,400.31",65.98,76.19,105 / 0
1/7/22,Fri,100,2,86,74,72,12, , , , ,86,87.76%,"9,341.14",95.32,108.62,124 / 10
1/8/22,Sat,100,0,100,77,63,0, , , , ,100,100.00%,"10,820.99",108.21,108.21,124 / 19
1/9/22,Sun,100,1,61,45,84,38, , , , ,61,61.62%,"4,635.88",46.83,76.00,76 / 2
1/10/22,Mon,100,1,82,52,31,17, , , , ,82,82.83%,"5,952.30",60.12,72.59,97 / 2
1/11/22,Tue,100,3,96,50,36,1, , , , ,96,98.97%,"7,348.64",75.76,76.55,119 / 4
1/12/22,Wed,100,4,94,51,53,2, , , , ,94,97.92%,"7,410.93",77.20,78.84,115 / 2
1/13/22,Thu,100,0,98,54,50,2, , , , ,98,98.00%,"8,926.08",89.26,91.08,112 / 1
1/14/22,Fri,100,0,100,47,45,0, , , , ,100,100.00%,"10,754.36",107.54,107.54,131 / 2
1/15/22,Sat,100,0,100,52,52,0, , , , ,100,101.00%,"11,239.64",112.40,111.28,112 / 1
1/16/22,Sun,100,0,99,82,83,1, , , , ,99,99.00%,"8,267.70",82.68,83.51,131 / 8
1/17/22,Mon,100,0,94,57,62,6, , , , ,94,94.00%,"7,289.43",72.89,77.55,120 / 2
1/18/22,Tue,100,0,98,43,39,2, , , , ,98,98.00%,"7,447.93",74.48,76.00,118 / 24
1/19/22,Wed,100,0,96,49,51,4, , , , ,96,96.00%,"7,431.82",74.32,77.41,119 / 2
1/20/22,Thu,100,0,100,49,45,0, , , , ,100,100.00%,"8,921.66",89.22,89.22,141 / 0
1/21/22,Fri,100,0,91,66,75,9, , , , ,91,91.00%,"8,173.82",81.74,89.82,132 / 2
1/22/22,Sat,100,0,100,76,67,0, , , , ,100,100.00%,"12,027.68",120.28,120.28,116 / 0
1/23/22,Sun,100,2,78,57,79,20, , , , ,78,79.59%,"5,932.55",60.54,76.06,94 / 0
1/24/22,Mon,100,2,85,46,39,13, , , , ,85,86.73%,"6,321.05",64.50,74.37,106 / 0
1/25/22,Tue,100,0,93,50,42,7, , , , ,93,93.00%,"7,032.90",70.33,75.62,115 / 0
1/26/22,Wed,100,0,96,55,52,4, , , , ,96,96.00%,"7,288.31",72.88,75.92,120 / 2
1/27/22,Thu,100,0,99,54,51,1, , , , ,99,99.00%,"8,641.97",86.42,87.29,120 / 8
1/28/22,Fri,100,0,100,78,77,0, , , , ,100,100.00%,"12,151.53",121.52,121.52,124 / 8
1/29/22,Sat,100,0,100,73,73,0, , , , ,100,100.00%,"12,200.67",122.01,122.01,131 / 14
1/30/22,Sun,100,1,63,49,86,36, , , , ,63,63.64%,"4,794.67",48.43,76.11,84 / 0
1/31/22,Mon,100,0,100,75,38,0, , , , ,100,100.00%,"7,805.83",78.06,78.06,115 / 5
2/1/22,Tue,100,0,100,45,45,0, , , , ,100,100.00%,"7,892.02",78.92,78.92,114 / 1
2/2/22,Wed,100,0,97,62,65,3, , , , ,97,100.00%,"7,485.30",74.85,74.85,123 / 3
2/3/22,Thu,100,0,100,67,64,0, , , , ,100,100.00%,"9,454.77",94.55,94.55,134 / 8
2/4/22,Fri,100,0,100,65,65,0, , , , ,100,100.00%,"11,178.52",111.79,111.79,133 / 10
2/5/22,Sat,100,0,100,64,64,0, , , , ,100,100.00%,"11,222.20",112.22,112.22,130 / 6
2/6/22,Sun,100,0,100,82,82,0, , , , ,100,100.00%,"10,487.87",104.88,104.88,122 / 0
2/7/22,Mon,100,0,94,70,76,6, , , , ,94,94.00%,"7,801.35",78.01,82.99,122 / 0
2/8/22,Tue,100,1,88,58,64,11, , , , ,88,88.89%,"6,774.16",68.43,76.98,109 / 1
2/9/22,Wed,100,1,83,52,57,16, , , , ,83,83.84%,"6,435.22",65.00,77.53,115 / 0
2/10/22,Thu,100,0,96,74,61,4, , , , ,96,96.00%,"9,851.93",98.52,102.62,126 / 1
2/11/22,Fri,100,0,100,56,52,0, , , , ,100,100.00%,"11,975.59",119.76,119.76,135 / 2
2/12/22,Sat,100,0,100,87,87,0, , , , ,100,100.00%,"11,942.82",119.43,119.43,133 / 11
2/13/22,Sun,100,0,82,59,77,18, , , , ,82,82.00%,"6,872.26",68.72,83.81,96 / 4
2/14/22,Mon,100,0,91,53,44,9, , , , ,91,91.00%,"7,637.89",76.38,83.93,107 / 0
2/15/22,Tue,100,0,97,49,43,3, , , , ,97,97.00%,"9,257.60",92.58,95.44,107 / 0
2/16/22,Wed,100,0,100,37,34,0, , , , ,100,100.00%,"11,027.10",110.27,110.27,105 / 0
2/17/22,Thu,100,0,100,19,19,0, , , , ,100,100.00%,"11,641.82",116.42,116.42,104 / 0
2/18/22,Fri,100,0,100,20,20,0, , , , ,100,100.00%,"12,624.73",126.25,126.25,111 / 0
2/19/22,Sat,100,0,100,15,15,0, , , , ,100,100.00%,"13,141.96",131.42,131.42,115 / 0
2/20/22,Sun,100,0,92,70,78,8, , , , ,92,92.00%,"9,909.00",99.09,107.71,92 / 0
2/21/22,Mon,100,0,100,28,20,0, , , , ,100,100.00%,"10,404.41",104.04,104.04,101 / 0
2/22/22,Tue,100,0,100,58,58,0, , , , ,100,100.00%,"9,905.25",99.05,99.05,108 / 2
2/23/22,Wed,100,0,100,29,29,0, , , , ,100,100.00%,"9,655.73",96.56,96.56,119 / 2
2/24/22,Thu,100,0,100,73,73,0, , , , ,100,100.00%,"9,884.95",98.85,98.85,132 / 5
2/25/22,Fri,100,0,100,61,61,0, , , , ,100,100.00%,"12,381.72",123.82,123.82,107 / 0
2/26/22,Sat,100,0,100,37,37,0, , , , ,100,101.00%,"12,930.20",129.30,128.02,120 / 1
2/27/22,Sun,100,0,94,28,34,6, , , , ,94,94.00%,"10,529.52",105.30,112.02,103 / 1
2/28/22,Mon,100,0,87,58,65,13, , , , ,87,87.00%,"6,851.30",68.51,78.75,102 / 0
3/1/22,Tue,100,2,97,55,45,1, , , , ,97,98.98%,"7,890.81",80.52,81.35,120 / 0
3/2/22,Wed,100,0,99,57,55,1, , , , ,99,99.00%,"8,390.83",83.91,84.76,123 / 1
3/3/22,Thu,100,0,93,60,66,7, , , , ,93,93.00%,"8,007.77",80.08,86.11,121 / 3
3/4/22,Fri,100,0,100,80,73,0, , , , ,100,102.00%,"13,878.23",138.78,136.06,135 / 11
3/5/22,Sat,100,0,100,59,59,0, , , , ,100,100.00%,"13,235.66",132.36,132.36,136 / 11
3/6/22,Sun,100,0,83,62,79,17, , , , ,83,83.00%,"6,650.62",66.51,80.13,120 / 4
3/7/22,Mon,100,0,84,55,54,16, , , , ,84,85.00%,"6,720.67",67.21,79.07,115 / 3
3/8/22,Tue,100,0,100,52,36,0, , , , ,100,100.00%,"9,494.80",94.95,94.95,139 / 7
3/9/22,Wed,100,0,100,56,56,0, , , , ,100,100.00%,"9,381.52",93.82,93.82,120 / 4
3/10/22,Thu,100,0,100,50,50,0, , , , ,100,100.00%,"10,451.44",104.51,104.51,122 / 2
3/11/22,Fri,100,0,100,57,57,0, , , , ,100,100.00%,"16,550.80",165.51,165.51,133 / 3
3/12/22,Sat,100,0,100,37,37,0, , , , ,100,100.00%,"14,970.15",149.70,149.70,129 / 6
3/13/22,Sun,100,0,90,78,88,10, , , , ,90,90.00%,"7,885.44",78.85,87.62,122 / 10
3/14/22,Mon,100,0,85,58,63,15, , , , ,85,85.00%,"6,549.62",65.50,77.05,115 / 2
3/15/22,Tue,100,1,93,56,48,6, , , , ,93,93.94%,"7,219.10",72.92,77.62,123 / 2
3/16/22,Wed,100,0,97,62,58,3, , , , ,97,97.00%,"8,300.02",83.00,85.57,132 / 3
3/17/22,Thu,100,0,100,67,64,0, , , , ,100,100.00%,"8,690.95",86.91,86.91,135 / 3
3/18/22,Fri,100,0,98,77,79,2, , , , ,98,98.00%,"13,874.53",138.75,141.58,135 / 19
3/19/22,Sat,100,0,100,31,29,0, , , , ,100,100.00%,"14,226.15",142.26,142.26,135 / 16
3/20/22,Sun,100,1,91,81,90,8, , , , ,91,91.92%,"7,635.65",77.13,83.91,123 / 5
3/21/22,Mon,100,0,100,53,44,0, , , , ,100,100.00%,"9,313.63",93.14,93.14,130 / 4
3/22/22,Tue,100,0,99,57,58,1, , , , ,99,99.00%,"8,596.47",85.96,86.83,139 / 2
3/23/22,Wed,100,0,90,49,58,10, , , , ,90,90.00%,"7,685.28",76.85,85.39,114 / 0
3/24/22,Thu,100,1,99,61,52,0, , , , ,99,101.01%,"8,337.82",84.22,83.38,130 / 6
3/25/22,Fri,100,0,100,86,85,0, , , , ,100,100.00%,"14,951.39",149.51,149.51,152 / 29
3/26/22,Sat,100,0,100,31,31,0, , , , ,100,100.00%,"13,363.62",133.64,133.64,150 / 34
3/27/22,Sun,100,0,63,53,90,37, , , , ,63,63.00%,"5,006.23",50.06,79.46,82 / 2
3/28/22,Mon,100,0,93,68,38,7, , , , ,93,93.00%,"7,497.03",74.97,80.61,125 / 3
3/29/22,Tue,100,0,100,57,50,0, , , , ,100,100.00%,"8,243.47",82.43,82.43,135 / 2
3/30/22,Wed,100,0,100,52,52,0, , , , ,100,100.00%,"8,430.61",84.31,84.31,130 / 1
3/31/22,Thu,100,0,100,51,51,0, , , , ,100,100.00%,"9,498.83",94.99,94.99,122 / 1
4/1/22,Fri,100,0,100,62,62,0, , , , ,100,100.00%,"12,656.45",126.56,126.56,136 / 13
4/2/22,Sat,100,0,100,34,34,0, , , , ,100,100.00%,"12,658.86",126.59,126.59,133 / 5
4/3/22,Sun,100,1,68,49,81,31, , , , ,68,68.69%,"5,114.86",51.67,75.22,85 / 4
4/4/22,Mon,100,0,99,65,34,1, , , , ,99,99.00%,"8,105.35",81.05,81.87,115 / 2
4/5/22,Tue,100,0,100,44,43,0, , , , ,100,100.00%,"8,382.26",83.82,83.82,122 / 6
4/6/22,Wed,100,0,99,45,46,1, , , , ,99,99.00%,"8,360.35",83.60,84.45,128 / 5
4/7/22,Thu,100,0,100,48,47,0, , , , ,100,100.00%,"8,839.11",88.39,88.39,120 / 3
4/8/22,Fri,100,0,100,75,75,0, , , , ,100,100.00%,"13,623.26",136.23,136.23,138 / 8
4/9/22,Sat,100,0,100,65,65,0, , , , ,100,100.00%,"12,530.17",125.30,125.30,148 / 16
4/10/22,Sun,100,1,70,52,82,29, , , , ,70,70.71%,"5,690.56",57.48,81.29,96 / 0
4/11/22,Mon,100,0,88,58,40,12, , , , ,88,88.00%,"7,255.57",72.56,82.45,115 / 0
4/12/22,Tue,100,0,93,54,49,7, , , , ,93,93.00%,"7,805.14",78.05,83.93,119 / 4
4/13/22,Wed,100,0,100,64,57,0, , , , ,100,100.00%,"8,424.42",84.24,84.24,133 / 13
4/14/22,Thu,100,0,100,62,62,0, , , , ,100,100.00%,"8,770.38",87.70,87.70,141 / 16
4/15/22,Fri,100,0,100,74,74,0, , , , ,100,101.00%,"10,619.43",106.19,105.14,161 / 12
4/16/22,Sat,100,0,100,48,48,0, , , , ,100,100.00%,"11,328.62",113.29,113.29,156 / 17
4/17/22,Sun,100,0,82,57,75,18, , , , ,82,83.00%,"6,659.89",66.60,80.24,115 / 13
4/18/22,Mon,100,1,99,62,45,0, , , , ,99,100.00%,"8,845.20",89.35,89.35,124 / 11
4/19/22,Tue,100,0,100,40,39,0, , , , ,100,100.00%,"8,538.51",85.39,85.39,132 / 0
4/20/22,Wed,100,0,100,46,46,0, , , , ,100,100.00%,"8,276.51",82.77,82.77,134 / 2
4/21/22,Thu,100,0,100,50,50,0, , , , ,100,101.00%,"9,790.81",97.91,96.94,131 / 1
4/22/22,Fri,100,0,100,57,57,0, , , , ,100,100.00%,"14,564.44",145.64,145.64,149 / 5
4/23/22,Sat,100,0,100,52,52,0, , , , ,100,100.00%,"13,641.22",136.41,136.41,148 / 7
4/24/22,Sun,100,1,85,45,60,14, , , , ,85,85.86%,"8,083.30",81.65,95.10,127 / 9
4/25/22,Mon,100,0,86,55,54,14, , , , ,86,86.00%,"7,233.60",72.34,84.11,118 / 1
4/26/22,Tue,100,0,100,50,36,0, , , , ,100,100.00%,"8,574.32",85.74,85.74,130 / 5
4/27/22,Wed,100,0,100,52,52,0, , , , ,100,100.00%,"8,567.89",85.68,85.68,135 / 0
4/28/22,Thu,100,0,100,53,53,0, , , , ,100,100.00%,"9,813.78",98.14,98.14,137 / 0
4/29/22,Fri,100,0,100,79,79,0, , , , ,100,100.00%,"15,090.03",150.90,150.90,162 / 3
4/30/22,Sat,100,0,100,48,48,0, , , , ,100,100.00%,"15,641.18",156.41,156.41,162 / 4
5/1/22,Sun,100,0,76,57,81,24, , , , ,76,76.00%,"6,048.94",60.49,79.59,127 / 6
5/2/22,Mon,100,0,85,53,44,15, , , , ,85,85.00%,"6,930.47",69.30,81.53,109 / 0
5/3/22,Tue,100,0,98,52,39,2, , , , ,98,98.00%,"8,435.38",84.35,86.08,124 / 0
5/4/22,Wed,100,0,100,56,54,0, , , , ,100,102.00%,"8,902.42",89.02,87.28,143 / 0
5/5/22,Thu,100,0,99,63,64,1, , , , ,99,99.00%,"8,837.29",88.37,89.27,133 / 6
5/6/22,Fri,100,0,100,77,76,0, , , , ,100,100.00%,"13,552.91",135.53,135.53,132 / 16
5/7/22,Sat,100,0,100,72,72,0, , , , ,100,101.00%,"12,659.34",126.59,125.34,156 / 8
5/8/22,Sun,100,0,77,60,83,23, , , , ,77,77.00%,"6,186.75",61.87,80.35,103 / 3
5/9/22,Mon,100,0,89,62,50,11, , , , ,89,89.00%,"7,185.55",71.86,80.74,115 / 3
5/10/22,Tue,100,0,100,63,52,0, , , , ,100,100.00%,"7,986.98",79.87,79.87,129 / 1
5/11/22,Wed,100,0,100,58,58,0, , , , ,100,100.00%,"7,622.46",76.22,76.22,125 / 2
5/12/22,Thu,100,0,100,62,62,0, , , , ,100,100.00%,"8,412.58",84.13,84.13,140 / 0
5/13/22,Fri,100,0,100,76,76,0, , , , ,100,101.00%,"11,657.54",116.58,115.42,148 / 9
5/14/22,Sat,100,0,100,58,58,0, , , , ,100,101.00%,"12,711.77",127.12,125.86,157 / 15
5/15/22,Sun,100,0,96,71,75,4, , , , ,96,96.00%,"8,083.28",80.83,84.20,122 / 5
5/16/22,Mon,100,0,99,62,59,1, , , , ,99,99.00%,"8,044.35",80.44,81.26,124 / 2
5/17/22,Tue,100,0,100,45,44,0, , , , ,100,100.00%,"8,354.83",83.55,83.55,125 / 2
5/18/22,Wed,100,0,100,48,48,0, , , , ,100,100.00%,"8,589.69",85.90,85.90,127 / 0
5/19/22,Thu,100,0,100,51,51,0, , , , ,100,100.00%,"9,295.98",92.96,92.96,135 / 5
5/20/22,Fri,100,0,100,71,71,0, , , , ,100,100.00%,"12,543.66",125.44,125.44,141 / 21
5/21/22,Sat,100,0,100,56,56,0, , , , ,100,100.00%,"13,172.61",131.73,131.73,146 / 23
5/22/22,Sun,100,0,80,63,83,20, , , , ,80,80.00%,"6,491.36",64.91,81.14,114 / 5
5/23/22,Mon,100,0,88,58,50,12, , , , ,88,88.00%,"7,524.43",75.24,85.50,115 / 4
5/24/22,Tue,100,0,100,58,46,0, , , , ,100,100.00%,"8,661.24",86.61,86.61,133 / 6
5/25/22,Wed,100,0,100,58,58,0, , , , ,100,100.00%,"8,840.32",88.40,88.40,136 / 7
5/26/22,Thu,100,0,100,60,60,0, , , , ,100,101.00%,"9,555.95",95.56,94.61,132 / 11
5/27/22,Fri,100,0,100,72,72,0, , , , ,100,100.00%,"11,570.71",115.71,115.71,159 / 5
5/28/22,Sat,100,0,100,62,62,0, , , , ,100,102.00%,"12,367.74",123.68,121.25,158 / 5
5/29/22,Sun,100,1,74,44,70,25, , , , ,74,74.75%,"6,818.08",68.87,92.14,113 / 8
5/30/22,Mon,100,0,54,41,61,46, , , , ,54,54.00%,"4,718.28",47.18,87.38,74 / 4
5/31/22,Tue,100,1,78,56,32,21, , , , ,78,78.79%,"6,865.46",69.35,88.02,98 / 3
6/1/22,Wed,100,0,92,55,41,8, , , , ,92,92.00%,"8,400.37",84.00,91.31,115 / 4
6/2/22,Thu,100,0,99,61,54,1, , , , ,99,99.00%,"10,282.25",102.82,103.86,119 / 19
6/3/22,Fri,100,0,100,54,53,0, , , , ,100,100.00%,"15,342.56",153.43,153.43,138 / 26
6/4/22,Sat,100,0,100,42,42,0, , , , ,100,100.00%,"16,409.71",164.10,164.10,152 / 27
6/5/22,Sun,100,1,88,79,91,11, , , , ,88,88.89%,"8,039.54",81.21,91.36,135 / 0
6/6/22,Mon,100,0,100,73,61,0, , , , ,100,100.00%,"8,643.66",86.44,86.44,140 / 25
6/7/22,Tue,100,0,100,36,36,0, , , , ,100,100.00%,"10,287.13",102.87,102.87,142 / 13
6/8/22,Wed,100,0,100,57,57,0, , , , ,100,100.00%,"9,236.07",92.36,92.36,127 / 7
6/9/22,Thu,100,0,100,47,47,0, , , , ,100,100.00%,"9,615.69",96.16,96.16,133 / 8
6/10/22,Fri,100,0,100,66,66,0, , , , ,100,100.00%,"12,893.03",128.93,128.93,155 / 10
6/11/22,Sat,100,0,100,49,49,0, , , , ,100,100.00%,"13,083.01",130.83,130.83,146 / 6
6/12/22,Sun,100,0,86,74,88,14, , , , ,86,86.00%,"7,253.29",72.53,84.34,120 / 9
6/13/22,Mon,100,0,100,71,57,0, , , , ,100,100.00%,"9,326.62",93.27,93.27,142 / 4
6/14/22,Tue,100,0,100,44,44,0, , , , ,100,100.00%,"9,164.90",91.65,91.65,129 / 1
6/15/22,Wed,100,0,100,51,51,0, , , , ,100,100.00%,"9,107.03",91.07,91.07,137 / 0
6/16/22,Thu,100,0,100,62,62,0, , , , ,100,100.00%,"9,395.34",93.95,93.95,133 / 6
6/17/22,Fri,100,0,100,85,85,0, , , , ,100,100.00%,"15,205.33",152.05,152.05,137 / 8
6/18/22,Sat,100,0,100,67,67,0, , , , ,100,101.00%,"13,867.98",138.68,137.31,162 / 7
6/19/22,Sun,100,1,90,79,89,9, , , , ,90,90.91%,"7,590.01",76.67,84.33,136 / 3
6/20/22,Mon,100,0,100,66,56,0, , , , ,100,100.00%,"9,158.90",91.59,91.59,146 / 1
6/21/22,Tue,100,0,100,41,41,0, , , , ,100,100.00%,"9,075.93",90.76,90.76,134 / 19
6/22/22,Wed,100,0,100,24,24,0, , , , ,100,100.00%,"9,356.56",93.57,93.57,145 / 14
6/23/22,Thu,100,0,100,46,46,0, , , , ,100,100.00%,"10,587.04",105.87,105.87,127 / 3
6/24/22,Fri,100,0,100,85,85,0, , , , ,100,100.00%,"12,801.10",128.01,128.01,148 / 13
6/25/22,Sat,100,0,100,50,50,0, , , , ,100,100.00%,"12,755.07",127.55,127.55,149 / 8
6/26/22,Sun,100,0,94,60,66,6, , , , ,94,94.00%,"7,793.01",77.93,82.90,121 / 5
6/27/22,Mon,100,0,95,35,34,5, , , , ,95,95.00%,"8,022.49",80.22,84.45,115 / 2
6/28/22,Tue,100,0,96,55,54,4, , , , ,96,96.00%,"7,995.94",79.96,83.29,138 / 3
6/29/22,Wed,100,0,100,56,52,0, , , , ,100,102.00%,"9,033.81",90.34,88.57,147 / 6
6/30/22,Thu,100,0,100,54,54,0, , , , ,100,100.00%,"9,158.94",91.59,91.59,133 / 5
7/1/22,Fri,100,0,100,70,70,0, , , , ,100,100.00%,"12,475.05",124.75,124.75,156 / 10
7/2/22,Sat,100,0,99,52,53,1, , , , ,99,99.00%,"12,289.71",122.90,124.14,153 / 9
7/3/22,Sun,100,1,94,58,63,5, , , , ,94,94.95%,"8,469.57",85.55,90.10,147 / 9
7/4/22,Mon,100,1,64,45,75,35, , , , ,64,64.65%,"6,470.90",65.36,101.11,90 / 4
7/5/22,Tue,100,0,93,67,38,7, , , , ,93,93.00%,"8,719.43",87.19,93.76,130 / 7
7/6/22,Wed,100,0,100,61,54,0, , , , ,100,100.00%,"10,912.26",109.12,109.12,134 / 10
7/7/22,Thu,100,0,99,47,48,1, , , , ,99,99.00%,"12,104.70",121.05,122.27,130 / 10
7/8/22,Fri,100,0,100,55,54,0, , , , ,100,100.00%,"15,046.91",150.47,150.47,152 / 9
7/9/22,Sat,100,0,100,49,49,0, , , , ,100,100.00%,"15,785.59",157.86,157.86,158 / 8
7/10/22,Sun,100,0,97,66,69,3, , , , ,97,97.00%,"9,895.81",98.96,102.02,133 / 10
7/11/22,Mon,100,0,100,40,37,0, , , , ,100,100.00%,"10,930.32",109.30,109.30,132 / 3
7/12/22,Tue,100,0,100,28,28,0, , , , ,100,100.00%,"10,975.67",109.76,109.76,134 / 4
7/13/22,Wed,100,0,100,31,31,0, , , , ,100,100.00%,"10,496.02",104.96,104.96,134 / 1
7/14/22,Thu,100,0,100,43,43,0, , , , ,100,100.00%,"10,772.49",107.72,107.72,130 / 2
7/15/22,Fri,100,0,100,55,55,0, , , , ,100,102.00%,"13,865.02",138.65,135.93,147 / 19
7/16/22,Sat,100,0,100,42,42,0, , , , ,100,100.00%,"13,003.95",130.04,130.04,148 / 15
7/17/22,Sun,100,0,95,67,72,5, , , , ,95,96.00%,"9,486.03",94.86,98.81,127 / 3
7/18/22,Mon,100,0,100,56,51,0, , , , ,100,100.00%,"8,520.21",85.20,85.20,128 / 1
7/19/22,Tue,100,0,100,49,49,0, , , , ,100,100.00%,"8,512.69",85.13,85.13,125 / 6
7/20/22,Wed,100,0,100,41,41,0, , , , ,100,100.00%,"9,650.05",96.50,96.50,137 / 2
7/21/22,Thu,100,0,100,50,50,0, , , , ,100,100.00%,"9,472.48",94.72,94.72,130 / 3
7/22/22,Fri,100,0,100,70,70,0, , , , ,100,100.00%,"12,761.41",127.61,127.61,141 / 16
7/23/22,Sat,100,0,100,46,46,0, , , , ,100,100.00%,"13,191.43",131.91,131.91,146 / 15
7/24/22,Sun,100,0,97,54,57,3, , , , ,97,97.00%,"8,653.05",86.53,89.21,130 / 16
7/25/22,Mon,100,0,99,52,50,1, , , , ,99,99.00%,"8,763.66",87.64,88.52,134 / 14
7/26/22,Tue,100,0,100,23,22,0, , , , ,100,100.00%,"8,887.41",88.87,88.87,142 / 12
7/27/22,Wed,100,0,98,29,31,2, , , , ,98,98.00%,"8,895.82",88.96,90.77,143 / 15
7/28/22,Thu,100,0,100,57,55,0, , , , ,100,100.00%,"9,360.80",93.61,93.61,150 / 3
7/29/22,Fri,100,0,100,71,71,0, , , , ,100,100.00%,"14,410.56",144.11,144.11,175 / 23
7/30/22,Sat,100,0,100,39,39,0, , , , ,100,100.00%,"15,052.09",150.52,150.52,164 / 30
7/31/22,Sun,100,0,90,75,85,10, , , , ,90,90.00%,"7,319.48",73.19,81.33,124 / 2
8/1/22,Mon,100,6,81,50,59,13, , , , ,81,86.17%,"6,931.25",73.74,85.57,104 / 0
8/2/22,Tue,100,5,88,45,38,7, , , , ,88,92.63%,"6,753.85",71.09,76.75,116 / 3
8/3/22,Wed,100,5,95,52,45,0, , , , ,95,100.00%,"9,032.59",95.08,95.08,119 / 5
8/4/22,Thu,100,0,100,46,41,0, , , , ,100,100.00%,"9,414.81",94.15,94.15,123 / 6
8/5/22,Fri,100,0,100,45,45,0, , , , ,100,100.00%,"11,914.58",119.15,119.15,129 / 8
8/6/22,Sat,100,0,100,36,36,0, , , , ,100,100.00%,"11,791.97",117.92,117.92,138 / 7
8/7/22,Sun,100,1,92,50,58,7, , , , ,92,93.94%,"8,183.32",82.66,87.99,119 / 4
8/8/22,Mon,100,0,94,53,51,6, , , , ,94,94.00%,"7,568.05",75.68,80.51,112 / 0
8/9/22,Tue,100,0,95,41,40,5, , , , ,95,95.00%,"7,581.61",75.82,79.81,121 / 0
8/10/22,Wed,100,0,100,47,42,0, , , , ,100,100.00%,"7,982.43",79.82,79.82,131 / 6
8/11/22,Thu,100,0,99,49,50,1, , , , ,99,99.00%,"8,455.20",84.55,85.41,128 / 2
8/12/22,Fri,100,0,99,75,75,1, , , , ,99,99.00%,"10,861.69",108.62,109.71,159 / 3
8/13/22,Sat,100,0,100,60,59,0, , , , ,100,100.00%,"11,273.10",112.73,112.73,158 / 3
8/14/22,Sun,100,0,100,68,68,0, , , , ,100,100.00%,"8,317.27",83.17,83.17,127 / 2
8/15/22,Mon,100,0,100,48,48,0, , , , ,100,100.00%,"8,422.16",84.22,84.22,128 / 1
8/16/22,Tue,100,0,100,47,47,0, , , , ,100,101.00%,"8,484.09",84.84,84.00,133 / 4
8/17/22,Wed,100,0,100,47,47,0, , , , ,100,100.00%,"8,325.48",83.25,83.25,127 / 2
8/18/22,Thu,100,0,100,41,41,0, , , , ,100,100.00%,"8,665.48",86.65,86.65,122 / 0
8/19/22,Fri,100,0,100,71,71,0, , , , ,100,100.00%,"10,147.61",101.48,101.48,158 / 4
8/20/22,Sat,100,0,100,66,66,0, , , , ,100,101.00%,"10,130.84",101.31,100.31,154 / 4
8/21/22,Sun,100,2,72,46,74,26, , , , ,72,73.47%,"5,952.78",60.74,82.68,95 / 4
8/22/22,Mon,100,0,96,54,30,4, , , , ,96,97.00%,"8,209.54",82.10,84.63,128 / 0
8/23/22,Tue,100,0,98,43,41,2, , , , ,98,98.00%,"8,083.12",80.83,82.48,119 / 0
8/24/22,Wed,100,0,98,48,48,2, , , , ,98,98.00%,"8,298.40",82.98,84.68,130 / 0
8/25/22,Thu,100,1,99,44,43,0, , , , ,99,100.00%,"8,091.60",81.73,81.73,126 / 2
8/26/22,Fri,100,0,100,78,77,0, , , , ,100,100.00%,"11,127.50",111.28,111.28,144 / 0
8/27/22,Sat,100,0,100,44,44,0, , , , ,100,100.00%,"11,733.40",117.33,117.33,147 / 1
8/28/22,Sun,100,0,88,57,69,12, , , , ,88,88.00%,"7,029.72",70.30,79.88,123 / 2
8/29/22,Mon,100,2,93,52,47,5, , , , ,93,95.92%,"7,674.18",78.31,81.64,124 / 0
8/30/22,Tue,100,1,98,45,40,1, , , , ,98,100.00%,"8,142.65",82.25,82.25,121 / 0
8/31/22,Wed,100,0,95,37,40,5, , , , ,95,95.00%,"7,548.36",75.48,79.46,125 / 2
9/1/22,Thu,100,0,100,48,43,0, , , , ,100,100.00%,"8,544.97",85.45,85.45,136 / 4
9/2/22,Fri,100,0,100,77,77,0, , , , ,100,100.00%,"12,768.15",127.68,127.68,150 / 5
9/3/22,Sat,100,0,100,42,42,0, , , , ,100,100.00%,"13,268.92",132.69,132.69,158 / 8
9/4/22,Sun,100,0,83,59,76,17, , , , ,83,83.00%,"9,066.74",90.67,109.24,119 / 2
9/5/22,Mon,100,0,81,55,57,19, , , , ,81,81.00%,"6,487.40",64.87,80.09,101 / 0
9/6/22,Tue,100,0,100,59,40,0, , , , ,100,100.00%,"3,255.98",32.56,32.56,127 / 2
9/7/22,Wed,100,0,100,40,40,0, , , , ,100,100.00%,"8,823.09",88.23,88.23,121 / 0
9/8/22,Thu,100,0,98,46,48,2, , , , ,98,98.00%,"5,948.11",59.48,60.70,126 / 0
9/9/22,Fri,100,0,100,74,72,0, , , , ,100,100.00%,"9,982.80",99.83,99.83,144 / 7
9/10/22,Sat,100,0,100,68,68,0, , , , ,100,100.00%,"10,300.74",103.01,103.01,152 / 0
9/11/22,Sun,100,0,94,75,81,6, , , , ,94,94.00%,"7,447.03",74.47,79.22,118 / 0
9/12/22,Mon,100,0,100,49,43,0, , , , ,100,100.00%,"8,544.66",85.45,85.45,113 / 0
9/13/22,Tue,100,0,100,29,29,0, , , , ,100,100.00%,"8,232.99",82.33,82.33,114 / 1
9/14/22,Wed,100,0,100,29,29,0, , , , ,100,100.00%,"8,287.84",82.88,82.88,116 / 0
9/15/22,Thu,100,0,100,45,45,0, , , , ,100,100.00%,"8,729.24",87.29,87.29,120 / 0
9/16/22,Fri,100,0,100,76,76,0, , , , ,100,100.00%,"12,223.20",122.23,122.23,156 / 10
9/17/22,Sat,100,0,100,41,41,0, , , , ,100,100.00%,"12,770.53",127.71,127.71,156 / 10
9/18/22,Sun,100,0,76,59,83,24, , , , ,76,76.00%,"6,222.67",62.23,81.88,97 / 1
9/19/22,Mon,100,0,85,49,40,15, , , , ,85,85.00%,"7,050.48",70.50,82.95,100 / 1
9/20/22,Tue,100,1,99,54,40,0, , , , ,99,101.01%,"8,256.02",83.39,82.56,123 / 1
9/21/22,Wed,100,0,100,53,52,0, , , , ,100,100.00%,"8,331.33",83.31,83.31,123 / 1
9/22/22,Thu,100,0,99,49,50,1, , , , ,99,99.00%,"9,534.97",95.35,96.31,138 / 2
9/23/22,Fri,100,0,100,64,63,0, , , , ,100,100.00%,"14,745.62",147.46,147.46,168 / 4
9/24/22,Sat,100,0,100,40,40,0, , , , ,100,100.00%,"16,005.28",160.05,160.05,166 / 2
9/25/22,Sun,100,4,95,59,64,1, , , , ,95,98.96%,"7,699.32",80.20,81.05,135 / 1
9/26/22,Mon,100,0,100,52,47,0, , , , ,100,100.00%,"8,370.18",83.70,83.70,122 / 0
9/27/22,Tue,100,0,100,38,38,0, , , , ,100,100.00%,"8,367.81",83.68,83.68,126 / 1
9/28/22,Wed,100,0,100,40,40,0, , , , ,100,100.00%,"9,054.62",90.55,90.55,129 / 4
9/29/22,Thu,100,0,100,38,38,0, , , , ,100,100.00%,"8,865.28",88.65,88.65,134 / 1
9/30/22,Fri,100,0,100,76,76,0, , , , ,100,100.00%,"14,295.98",142.96,142.96,136 / 9
10/1/22,Sat,100,0,100,63,63,0, , , , ,100,100.00%,"14,018.61",140.19,140.19,146 / 12
10/2/22,Sun,100,0,100,69,69,0, , , , ,100,101.00%,"8,248.22",82.48,81.67,125 / 1
10/3/22,Mon,100,0,100,45,45,0, , , , ,100,100.00%,"8,410.84",84.11,84.11,115 / 0
10/4/22,Tue,100,0,100,37,37,0, , , , ,100,100.00%,"7,728.71",77.29,77.29,111 / 0
10/5/22,Wed,100,0,100,24,24,0, , , , ,100,100.00%,"7,852.81",78.53,78.53,112 / 1
10/6/22,Thu,100,0,100,42,42,0, , , , ,100,100.00%,"8,462.90",84.63,84.63,129 / 5
10/7/22,Fri,100,0,100,74,74,0, , , , ,100,100.00%,"17,194.34",171.94,171.94,173 / 12
10/8/22,Sat,100,0,100,38,38,0, , , , ,100,100.00%,"17,075.57",170.76,170.76,175 / 13
10/9/22,Sun,100,0,100,82,82,0, , , , ,100,100.00%,"7,952.55",79.53,79.53,147 / 10
10/10/22,Mon,100,0,100,65,65,0, , , , ,100,100.00%,"8,234.90",82.35,82.35,132 / 9
10/11/22,Tue,100,0,99,49,50,1, , , , ,99,100.00%,"9,012.99",90.13,90.13,122 / 8
10/12/22,Wed,100,0,100,49,48,0, , , , ,100,100.00%,"7,694.65",76.95,76.95,125 / 1
10/13/22,Thu,100,0,100,59,59,0, , , , ,100,100.00%,"8,435.22",84.35,84.35,124 / 2
10/14/22,Fri,100,0,100,72,72,0, , , , ,100,100.00%,"13,216.95",132.17,132.17,155 / 4
10/15/22,Sat,100,0,100,55,55,0, , , , ,100,100.00%,"13,568.24",135.68,135.68,157 / 1
10/16/22,Sun,100,0,79,64,85,21, , , , ,79,79.00%,"5,848.35",58.48,74.03,108 / 3
10/17/22,Mon,100,0,99,55,35,1, , , , ,99,99.00%,"8,327.38",83.27,84.11,129 / 0
10/18/22,Tue,100,0,100,47,46,0, , , , ,100,100.00%,"8,317.57",83.18,83.18,130 / 2
10/19/22,Wed,100,0,100,48,48,0, , , , ,100,100.00%,"8,185.98",81.86,81.86,134 / 2
10/20/22,Thu,100,0,96,59,63,4, , , , ,96,96.00%,"7,794.23",77.94,81.19,122 / 3
10/21/22,Fri,100,0,100,87,83,0, , , , ,100,100.00%,"11,589.92",115.90,115.90,143 / 7
10/22/22,Sat,100,0,100,64,64,0, , , , ,100,100.00%,"13,645.17",136.45,136.45,149 / 7
10/23/22,Sun,100,0,90,59,69,10, , , , ,90,90.00%,"7,798.04",77.98,86.64,130 / 3
10/24/22,Mon,100,0,100,78,68,0, , , , ,100,100.00%,"9,698.49",96.98,96.98,119 / 2
10/25/22,Tue,100,0,100,35,35,0, , , , ,100,100.00%,"9,622.98",96.23,96.23,115 / 5
10/26/22,Wed,100,0,100,25,25,0, , , , ,100,100.00%,"9,918.56",99.19,99.19,118 / 5
10/27/22,Thu,100,0,96,75,79,4, , , , ,96,96.00%,"8,714.17",87.14,90.77,138 / 0
10/28/22,Fri,100,0,95,79,80,5, , , , ,95,95.00%,"15,964.92",159.65,168.05,147 / 4
10/29/22,Sat,100,0,100,46,41,0, , , , ,100,100.00%,"17,363.70",173.64,173.64,160 / 6
10/30/22,Sun,100,1,66,51,85,33, , , , ,66,67.68%,"5,274.44",53.28,78.72,93 / 3
10/31/22,Mon,100,0,81,56,41,19, , , , ,81,81.00%,"6,205.48",62.05,76.61,109 / 2
11/1/22,Tue,100,0,99,55,37,1, , , , ,99,99.00%,"8,563.70",85.64,86.50,135 / 0
11/2/22,Wed,100,0,97,40,42,3, , , , ,97,97.00%,"8,240.23",82.40,84.95,131 / 0
11/3/22,Thu,100,1,90,49,56,9, , , , ,90,90.91%,"7,626.28",77.03,84.74,128 / 2
11/4/22,Fri,100,0,93,63,60,7, , , , ,93,93.00%,"10,773.34",107.73,115.84,139 / 9
11/5/22,Sat,100,3,96,56,53,1, , , , ,96,98.97%,"10,799.77",111.34,112.50,153 / 12
11/6/22,Sun,100,0,60,43,79,40, , , , ,60,60.00%,"4,712.69",47.13,78.54,86 / 4
11/7/22,Mon,100,0,83,55,32,17, , , , ,83,83.00%,"6,656.80",66.57,80.20,104 / 1
11/8/22,Tue,100,0,98,56,41,2, , , , ,98,98.00%,"7,960.57",79.61,81.23,121 / 1
11/9/22,Wed,100,0,100,59,57,0, , , , ,100,100.00%,"8,930.14",89.30,89.30,121 / 1
11/10/22,Thu,100,0,96,36,40,4, , , , ,96,96.00%,"8,706.85",87.07,90.70,119 / 2
11/11/22,Fri,100,0,100,88,84,0, , , , ,100,100.00%,"13,720.51",137.21,137.21,142 / 19
11/12/22,Sat,100,0,100,55,55,0, , , , ,100,100.00%,"12,007.19",120.07,120.07,140 / 13
11/13/22,Sun,100,1,62,49,87,37, , , , ,62,62.63%,"4,767.12",48.15,76.89,85 / 2
11/14/22,Mon,100,0,71,46,37,29, , , , ,71,71.00%,"5,800.59",58.01,81.70,93 / 2
11/15/22,Tue,100,0,99,60,32,1, , , , ,99,99.00%,"9,626.09",96.26,97.23,119 / 7
11/16/22,Wed,100,2,91,54,62,7, , , , ,91,92.86%,"7,664.62",78.21,84.23,117 / 2
11/17/22,Thu,100,0,90,62,63,10, , , , ,90,90.00%,"7,658.52",76.59,85.09,121 / 3
11/18/22,Fri,100,1,99,81,72,0, , , , ,99,100.00%,"12,773.20",129.02,129.02,139 / 16
11/19/22,Sat,100,1,99,59,59,0, , , , ,99,100.00%,"13,496.07",136.32,136.32,138 / 15
11/20/22,Sun,100,0,81,60,78,19, , , , ,81,81.00%,"6,849.21",68.49,84.56,106 / 7
11/21/22,Mon,100,0,100,62,43,0, , , , ,100,100.00%,"8,691.07",86.91,86.91,134 / 7
11/22/22,Tue,100,2,80,42,62,18, , , , ,80,81.63%,"6,745.90",68.84,84.32,96 / 2
11/23/22,Wed,100,1,61,47,66,38, , , , ,61,61.62%,"5,149.56",52.02,84.42,88 / 13
11/24/22,Thu,100,0,62,36,35,38, , , , ,62,62.00%,"5,779.84",57.80,93.22,100 / 18
11/25/22,Fri,100,0,85,61,38,15, , , , ,85,85.00%,"9,325.97",93.26,109.72,138 / 16
11/26/22,Sat,100,3,97,70,58,0, , , , ,97,100.00%,"10,590.01",109.18,109.18,159 / 9
11/27/22,Sun,100,0,62,54,89,38, , , , ,62,62.00%,"4,929.91",49.30,79.51,85 / 2
11/28/22,Mon,100,2,65,40,37,33, , , , ,65,66.33%,"5,340.57",54.50,82.16,81 / 0
11/29/22,Tue,100,1,74,37,28,25, , , , ,74,74.75%,"6,015.99",60.77,81.30,95 / 1
11/30/22,Wed,100,1,76,42,40,23, , , , ,76,77.78%,"6,395.93",64.61,83.06,99 / 2
12/1/22,Thu,100,0,100,79,55,0, , , , ,100,100.00%,"10,493.81",104.94,104.94,115 / 1
12/2/22,Fri,100,1,66,52,86,33, , , , ,66,66.67%,"6,558.43",66.25,99.37,102 / 8
12/3/22,Sat,100,1,99,77,44,0, , , , ,99,100.00%,"13,170.44",133.03,133.03,134 / 20
12/4/22,Sun,100,0,95,64,68,5, , , , ,95,95.00%,"10,003.71",100.04,105.30,115 / 4
12/5/22,Mon,100,0,100,58,53,0, , , , ,100,100.00%,"10,086.90",100.87,100.87,124 / 8
12/6/22,Tue,100,0,84,46,62,16, , , , ,84,84.00%,"6,720.34",67.20,80.00,108 / 0
12/7/22,Wed,100,0,80,34,38,20, , , , ,80,80.00%,"6,452.16",64.52,80.65,104 / 0
12/8/22,Thu,100,1,97,56,39,2, , , , ,97,98.99%,"8,307.70",83.92,84.77,124 / 1
12/9/22,Fri,100,0,89,64,72,11, , , , ,89,89.00%,"9,175.81",91.76,103.10,133 / 6
12/10/22,Sat,100,1,99,75,65,0, , , , ,99,101.01%,"14,799.65",149.49,148.00,155 / 19
12/11/22,Sun,100,0,63,47,83,37, , , , ,63,63.00%,"5,044.36",50.44,80.07,80 / 3
12/12/22,Mon,100,0,85,53,31,15, , , , ,85,85.00%,"7,208.41",72.08,84.80,106 / 2
12/13/22,Tue,100,1,78,29,36,21, , , , ,78,78.79%,"6,352.90",64.17,81.45,96 / 4
12/14/22,Wed,100,3,95,46,29,2, , , , ,95,97.94%,"8,075.10",83.25,85.00,115 / 3
12/15/22,Thu,100,2,80,38,53,18, , , , ,80,81.63%,"6,443.29",65.75,80.54,102 / 5
12/16/22,Fri,100,0,100,92,72,0, , , , ,100,100.00%,"14,937.80",149.38,149.38,146 / 17
12/17/22,Sat,100,0,79,32,53,21, , , , ,79,79.00%,"10,053.70",100.54,127.26,120 / 15
12/18/22,Sun,100,1,61,50,68,38, , , , ,61,61.62%,"4,819.68",48.68,79.01,86 / 5
12/19/22,Mon,100,7,77,61,45,16, , , , ,77,82.80%,"6,655.77",71.57,86.44,100 / 6
12/20/22,Tue,100,9,76,41,42,15, , , , ,76,83.52%,"6,688.60",73.50,88.01,103 / 4
12/21/22,Wed,100,3,84,45,37,13, , , , ,84,86.60%,"7,215.55",74.39,85.90,121 / 4
12/22/22,Thu,100,1,75,57,66,24, , , , ,75,75.76%,"6,006.92",60.68,80.09,110 / 4
12/23/22,Fri,100,2,70,56,61,28, , , , ,70,71.43%,"6,198.98",63.25,88.56,111 / 13
12/24/22,Sat,100,1,76,54,48,23, , , , ,76,76.77%,"6,795.79",68.64,89.42,105 / 10
12/25/22,Sun,100,0,94,57,39,6, , , , ,94,94.00%,"7,870.60",78.71,83.73,133 / 12
12/26/22,Mon,100,0,99,73,68,1, , , , ,99,99.00%,"8,149.50",81.50,82.32,145 / 5
12/27/22,Tue,100,0,99,56,56,1, , , , ,99,99.00%,"8,840.99",88.41,89.30,159 / 9
12/28/22,Wed,100,2,91,49,57,7, , , , ,91,92.86%,"7,516.96",76.70,82.60,141 / 10
12/29/22,Thu,100,3,91,50,50,6, , , , ,91,93.81%,"7,238.00",74.62,79.54,133 / 7
12/30/22,Fri,100,0,77,52,66,23, , , , ,77,77.00%,"7,155.79",71.56,92.93,119 / 4
12/31/22,Sat,100,0,87,61,51,13, , , , ,87,87.00%,"8,604.42",86.04,98.90,135 / 4